,model_label,Model_Code,refLabel,refPercent,BpS_Name,Var1,Var2,Freq,BPS_CODE,ZONE,total_count,currentPercent
1,13022_41_50_51_A,13022_41_50_51,A,2,Laurentian-Acadian Northern Hardwoods Forest - Hemlock,1614,1,136,13022,51,1705955,0
2,13022_41_50_51_A,13022_41_50_51,A,2,Laurentian-Acadian Northern Hardwoods Forest - Hemlock,1615,1,16,13022,51,416311,0
3,13022_41_50_51_B,13022_41_50_51,B,4,Laurentian-Acadian Northern Hardwoods Forest - Hemlock,1561,2,30,13022,50,859,3
4,13022_41_50_51_B,13022_41_50_51,B,4,Laurentian-Acadian Northern Hardwoods Forest - Hemlock,1562,2,46,13022,50,1709,2
5,13022_41_50_51_B,13022_41_50_51,B,4,Laurentian-Acadian Northern Hardwoods Forest - Hemlock,1614,2,12175,13022,51,1705955,0
6,13022_41_50_51_B,13022_41_50_51,B,4,Laurentian-Acadian Northern Hardwoods Forest - Hemlock,1615,2,6634,13022,51,416311,1
7,13022_41_50_51_C,13022_41_50_51,C,14,Laurentian-Acadian Northern Hardwoods Forest - Hemlock,1561,3,2,13022,50,859,0
8,13022_41_50_51_C,13022_41_50_51,C,14,Laurentian-Acadian Northern Hardwoods Forest - Hemlock,1562,3,1,13022,50,1709,0
9,13022_41_50_51_C,13022_41_50_51,C,14,Laurentian-Acadian Northern Hardwoods Forest - Hemlock,1614,3,414700,13022,51,1705955,24
10,13022_41_50_51_C,13022_41_50_51,C,14,Laurentian-Acadian Northern Hardwoods Forest - Hemlock,1615,3,75805,13022,51,416311,18
,13022_41_50_51_D,13022_41_50_48,D,73,Laurentian-Acadian Northern Hardwoods Forest - Hemlock,1614,4,1,13022,50,1705955,0
,13022_41_50_51_D,13022_41_50_49,D,74,Laurentian-Acadian Northern Hardwoods Forest - Hemlock,1615,4,1,13022,50,416311,0
,13022_41_50_51_D,13022_41_50_50,D,75,Laurentian-Acadian Northern Hardwoods Forest - Hemlock,1561,4,1,13022,51,859,0
11,13022_41_50_51_D,13022_41_50_51,D,76,Laurentian-Acadian Northern Hardwoods Forest - Hemlock,1562,1,1,13022,51,1709,0
12,13022_41_50_51_E,13022_41_50_51,E,4,Laurentian-Acadian Northern Hardwoods Forest - Hemlock,1561,5,104,13022,50,859,12
13,13022_41_50_51_E,13022_41_50_51,E,4,Laurentian-Acadian Northern Hardwoods Forest - Hemlock,1562,5,175,13022,50,1709,10
14,13022_41_50_51_E,13022_41_50_51,E,4,Laurentian-Acadian Northern Hardwoods Forest - Hemlock,1614,5,926755,13022,51,1705955,54
15,13022_41_50_51_E,13022_41_50_51,E,4,Laurentian-Acadian Northern Hardwoods Forest - Hemlock,1615,5,180980,13022,51,416311,43
16,13022_41_50_51_Agriculture,13022_41_50_51,Agriculture,0,Laurentian-Acadian Northern Hardwoods Forest - Hemlock,1561,180,184,13022,50,859,21
17,13022_41_50_51_Agriculture,13022_41_50_51,Agriculture,0,Laurentian-Acadian Northern Hardwoods Forest - Hemlock,1562,180,466,13022,50,1709,27
18,13022_41_50_51_Agriculture,13022_41_50_51,Agriculture,0,Laurentian-Acadian Northern Hardwoods Forest - Hemlock,1614,180,39441,13022,51,1705955,2
19,13022_41_50_51_Agriculture,13022_41_50_51,Agriculture,0,Laurentian-Acadian Northern Hardwoods Forest - Hemlock,1615,180,47194,13022,51,416311,11
20,13022_41_50_51_Developed,13022_41_50_51,Developed,0,Laurentian-Acadian Northern Hardwoods Forest - Hemlock,1561,120,232,13022,50,859,27
21,13022_41_50_51_Developed,13022_41_50_51,Developed,0,Laurentian-Acadian Northern Hardwoods Forest - Hemlock,1562,120,319,13022,50,1709,18
22,13022_41_50_51_Developed,13022_41_50_51,Developed,0,Laurentian-Acadian Northern Hardwoods Forest - Hemlock,1614,120,103698,13022,51,1705955,6
23,13022_41_50_51_Developed,13022_41_50_51,Developed,0,Laurentian-Acadian Northern Hardwoods Forest - Hemlock,1615,120,32602,13022,51,416311,7
24,13022_41_50_51_Water,13022_41_50_51,Water,0,Laurentian-Acadian Northern Hardwoods Forest - Hemlock,NA,NA,NA,NA,NA,NA,NA
25,13022_41_50_51_UN,13022_41_50_51,UN,0,Laurentian-Acadian Northern Hardwoods Forest - Hemlock,1561,6,287,13022,50,859,33
26,13022_41_50_51_UN,13022_41_50_51,UN,0,Laurentian-Acadian Northern Hardwoods Forest - Hemlock,1562,6,611,13022,50,1709,35
27,13022_41_50_51_UN,13022_41_50_51,UN,0,Laurentian-Acadian Northern Hardwoods Forest - Hemlock,1614,6,142896,13022,51,1705955,8
28,13022_41_50_51_UN,13022_41_50_51,UN,0,Laurentian-Acadian Northern Hardwoods Forest - Hemlock,1615,6,58231,13022,51,416311,13
29,13022_41_50_51_UE,13022_41_50_51,UE,0,Laurentian-Acadian Northern Hardwoods Forest - Hemlock,1561,7,20,13022,50,859,2
30,13022_41_50_51_UE,13022_41_50_51,UE,0,Laurentian-Acadian Northern Hardwoods Forest - Hemlock,1562,7,91,13022,50,1709,5
31,13022_41_50_51_UE,13022_41_50_51,UE,0,Laurentian-Acadian Northern Hardwoods Forest - Hemlock,1614,7,66154,13022,51,1705955,3
32,13022_41_50_51_UE,13022_41_50_51,UE,0,Laurentian-Acadian Northern Hardwoods Forest - Hemlock,1615,7,14849,13022,51,416311,3
33,13023_51_A,13023_51,A,4,Laurentian-Acadian Northern Hardwoods Forest - Northern Sugar Maple-Basswood,NA,NA,NA,NA,NA,NA,NA
34,13023_51_B,13023_51,B,7,Laurentian-Acadian Northern Hardwoods Forest - Northern Sugar Maple-Basswood,NA,NA,NA,NA,NA,NA,NA
35,13023_51_C,13023_51,C,16,Laurentian-Acadian Northern Hardwoods Forest - Northern Sugar Maple-Basswood,NA,NA,NA,NA,NA,NA,NA
36,13023_51_D,13023_51,D,69,Laurentian-Acadian Northern Hardwoods Forest - Northern Sugar Maple-Basswood,NA,NA,NA,NA,NA,NA,NA
37,13023_51_E,13023_51,E,4,Laurentian-Acadian Northern Hardwoods Forest - Northern Sugar Maple-Basswood,1616,5,1,13023,51,1,100
38,13023_51_Agriculture,13023_51,Agriculture,0,Laurentian-Acadian Northern Hardwoods Forest - Northern Sugar Maple-Basswood,NA,NA,NA,NA,NA,NA,NA
39,13023_51_Developed,13023_51,Developed,0,Laurentian-Acadian Northern Hardwoods Forest - Northern Sugar Maple-Basswood,NA,NA,NA,NA,NA,NA,NA
40,13023_51_Water,13023_51,Water,0,Laurentian-Acadian Northern Hardwoods Forest - Northern Sugar Maple-Basswood,NA,NA,NA,NA,NA,NA,NA
41,13023_51_UN,13023_51,UN,0,Laurentian-Acadian Northern Hardwoods Forest - Northern Sugar Maple-Basswood,NA,NA,NA,NA,NA,NA,NA
42,13023_51_UE,13023_51,UE,0,Laurentian-Acadian Northern Hardwoods Forest - Northern Sugar Maple-Basswood,NA,NA,NA,NA,NA,NA,NA
43,13441_51_A,13441_51,A,35,Boreal Jack Pine-Black Spruce Forest - Pine Barrens,1620,1,786,13441,51,494860,0
44,13441_51_B,13441_51,B,15,Boreal Jack Pine-Black Spruce Forest - Pine Barrens,1620,2,1451,13441,51,494860,0
45,13441_51_C,13441_51,C,31,Boreal Jack Pine-Black Spruce Forest - Pine Barrens,1620,3,62596,13441,51,494860,12
46,13441_51_D,13441_51,D,19,Boreal Jack Pine-Black Spruce Forest - Pine Barrens,1620,4,309210,13441,51,494860,62
47,13441_51_E,13441_51,E,NA,Boreal Jack Pine-Black Spruce Forest - Pine Barrens,NA,NA,NA,NA,NA,NA,NA
48,13441_51_Agriculture,13441_51,Agriculture,0,Boreal Jack Pine-Black Spruce Forest - Pine Barrens,1620,180,1991,13441,51,494860,0
49,13441_51_Developed,13441_51,Developed,0,Boreal Jack Pine-Black Spruce Forest - Pine Barrens,1620,120,55107,13441,51,494860,11
50,13441_51_Water,13441_51,Water,0,Boreal Jack Pine-Black Spruce Forest - Pine Barrens,NA,NA,NA,NA,NA,NA,NA
51,13441_51_UN,13441_51,UN,0,Boreal Jack Pine-Black Spruce Forest - Pine Barrens,1620,6,4490,13441,51,494860,0
52,13441_51_UE,13441_51,UE,0,Boreal Jack Pine-Black Spruce Forest - Pine Barrens,1620,7,59229,13441,51,494860,11
53,13442_51_A,13442_51,A,31,Boreal Jack Pine-Black Spruce Forest - Spruce-Fir,1621,1,10,13442,51,51237,0
54,13442_51_B,13442_51,B,34,Boreal Jack Pine-Black Spruce Forest - Spruce-Fir,1621,2,1233,13442,51,51237,2
55,13442_51_C,13442_51,C,25,Boreal Jack Pine-Black Spruce Forest - Spruce-Fir,1621,3,22088,13442,51,51237,43
56,13442_51_D,13442_51,D,10,Boreal Jack Pine-Black Spruce Forest - Spruce-Fir,NA,NA,NA,NA,NA,NA,NA
57,13442_51_E,13442_51,E,NA,Boreal Jack Pine-Black Spruce Forest - Spruce-Fir,NA,NA,NA,NA,NA,NA,NA
58,13442_51_Agriculture,13442_51,Agriculture,0,Boreal Jack Pine-Black Spruce Forest - Spruce-Fir,1621,180,465,13442,51,51237,0
59,13442_51_Developed,13442_51,Developed,0,Boreal Jack Pine-Black Spruce Forest - Spruce-Fir,1621,120,4659,13442,51,51237,9
60,13442_51_Water,13442_51,Water,0,Boreal Jack Pine-Black Spruce Forest - Spruce-Fir,NA,NA,NA,NA,NA,NA,NA
61,13442_51_UN,13442_51,UN,0,Boreal Jack Pine-Black Spruce Forest - Spruce-Fir,1621,6,17780,13442,51,51237,34
62,13442_51_UE,13442_51,UE,0,Boreal Jack Pine-Black Spruce Forest - Spruce-Fir,1621,7,5002,13442,51,51237,9
63,13620_51_63_64_65_66_A,13620_51_63_64_65_66,A,13,Laurentian-Acadian Northern Pine(-Oak) Forest,1622,1,1223,13620,51,275972,0
64,13620_51_63_64_65_66_B,13620_51_63_64_65_66,B,13,Laurentian-Acadian Northern Pine(-Oak) Forest,1622,2,167352,13620,51,275972,60
65,13620_51_63_64_65_66_C,13620_51_63_64_65_66,C,48,Laurentian-Acadian Northern Pine(-Oak) Forest,1622,3,15590,13620,51,275972,5
66,13620_51_63_64_65_66_D,13620_51_63_64_65_66,D,26,Laurentian-Acadian Northern Pine(-Oak) Forest,NA,NA,NA,NA,NA,NA,NA
67,13620_51_63_64_65_66_E,13620_51_63_64_65_66,E,NA,Laurentian-Acadian Northern Pine(-Oak) Forest,NA,NA,NA,NA,NA,NA,NA
68,13620_51_63_64_65_66_Agriculture,13620_51_63_64_65_66,Agriculture,0,Laurentian-Acadian Northern Pine(-Oak) Forest,1622,180,26625,13620,51,275972,9
69,13620_51_63_64_65_66_Developed,13620_51_63_64_65_66,Developed,0,Laurentian-Acadian Northern Pine(-Oak) Forest,1622,120,30599,13620,51,275972,11
70,13620_51_63_64_65_66_Water,13620_51_63_64_65_66,Water,0,Laurentian-Acadian Northern Pine(-Oak) Forest,NA,NA,NA,NA,NA,NA,NA
71,13620_51_63_64_65_66_UN,13620_51_63_64_65_66,UN,0,Laurentian-Acadian Northern Pine(-Oak) Forest,NA,NA,NA,NA,NA,NA,NA
72,13620_51_63_64_65_66_UE,13620_51_63_64_65_66,UE,0,Laurentian-Acadian Northern Pine(-Oak) Forest,1622,7,34583,13620,51,275972,12
73,13622_41_50_A,13622_41_50,A,17,Laurentian-Acadian Northern Pine(-Oak) Forest - Pine Dominated,2726,1,55,13622,50,2221,2
74,13622_41_50_B,13622_41_50,B,18,Laurentian-Acadian Northern Pine(-Oak) Forest - Pine Dominated,2726,2,608,13622,50,2221,27
75,13622_41_50_C,13622_41_50,C,16,Laurentian-Acadian Northern Pine(-Oak) Forest - Pine Dominated,NA,NA,NA,NA,NA,NA,NA
76,13622_41_50_D,13622_41_50,D,18,Laurentian-Acadian Northern Pine(-Oak) Forest - Pine Dominated,2726,4,124,13622,50,2221,5
77,13622_41_50_E,13622_41_50,E,31,Laurentian-Acadian Northern Pine(-Oak) Forest - Pine Dominated,2726,5,5,13622,50,2221,0
78,13622_41_50_Agriculture,13622_41_50,Agriculture,0,Laurentian-Acadian Northern Pine(-Oak) Forest - Pine Dominated,2726,180,88,13622,50,2221,3
79,13622_41_50_Developed,13622_41_50,Developed,0,Laurentian-Acadian Northern Pine(-Oak) Forest - Pine Dominated,2726,120,867,13622,50,2221,39
80,13622_41_50_Water,13622_41_50,Water,0,Laurentian-Acadian Northern Pine(-Oak) Forest - Pine Dominated,NA,NA,NA,NA,NA,NA,NA
81,13622_41_50_UN,13622_41_50,UN,0,Laurentian-Acadian Northern Pine(-Oak) Forest - Pine Dominated,2726,6,366,13622,50,2221,16
82,13622_41_50_UE,13622_41_50,UE,0,Laurentian-Acadian Northern Pine(-Oak) Forest - Pine Dominated,2726,7,108,13622,50,2221,4
83,13651_51_A,13651_51,A,7,Boreal White Spruce-Fir-Hardwood Forest - Inland,1623,1,1964,13651,51,428813,0
84,13651_51_B,13651_51,B,22,Boreal White Spruce-Fir-Hardwood Forest - Inland,1623,2,20,13651,51,428813,0
85,13651_51_C,13651_51,C,7,Boreal White Spruce-Fir-Hardwood Forest - Inland,1623,3,6449,13651,51,428813,1
86,13651_51_D,13651_51,D,64,Boreal White Spruce-Fir-Hardwood Forest - Inland,1623,4,353918,13651,51,428813,82
87,13651_51_E,13651_51,E,NA,Boreal White Spruce-Fir-Hardwood Forest - Inland,NA,NA,NA,NA,NA,NA,NA
88,13651_51_Agriculture,13651_51,Agriculture,0,Boreal White Spruce-Fir-Hardwood Forest - Inland,1623,180,6540,13651,51,428813,1
89,13651_51_Developed,13651_51,Developed,0,Boreal White Spruce-Fir-Hardwood Forest - Inland,1623,120,32146,13651,51,428813,7
90,13651_51_Water,13651_51,Water,0,Boreal White Spruce-Fir-Hardwood Forest - Inland,NA,NA,NA,NA,NA,NA,NA
91,13651_51_UN,13651_51,UN,0,Boreal White Spruce-Fir-Hardwood Forest - Inland,NA,NA,NA,NA,NA,NA,NA
92,13651_51_UE,13651_51,UE,0,Boreal White Spruce-Fir-Hardwood Forest - Inland,1623,7,27776,13651,51,428813,6
93,13652_51_A,13652_51,A,4,Boreal White Spruce-Fir-Hardwood Forest - Coastal,1624,1,1521,13652,51,490200,0
94,13652_51_B,13652_51,B,13,Boreal White Spruce-Fir-Hardwood Forest - Coastal,1624,2,7,13652,51,490200,0
95,13652_51_C,13652_51,C,4,Boreal White Spruce-Fir-Hardwood Forest - Coastal,1624,3,5593,13652,51,490200,1
96,13652_51_D,13652_51,D,79,Boreal White Spruce-Fir-Hardwood Forest - Coastal,1624,4,357586,13652,51,490200,72
97,13652_51_E,13652_51,E,NA,Boreal White Spruce-Fir-Hardwood Forest - Coastal,NA,NA,NA,NA,NA,NA,NA
98,13652_51_Agriculture,13652_51,Agriculture,0,Boreal White Spruce-Fir-Hardwood Forest - Coastal,1624,180,58397,13652,51,490200,11
99,13652_51_Developed,13652_51,Developed,0,Boreal White Spruce-Fir-Hardwood Forest - Coastal,1624,120,47338,13652,51,490200,9
100,13652_51_Water,13652_51,Water,0,Boreal White Spruce-Fir-Hardwood Forest - Coastal,NA,NA,NA,NA,NA,NA,NA
101,13652_51_UN,13652_51,UN,0,Boreal White Spruce-Fir-Hardwood Forest - Coastal,NA,NA,NA,NA,NA,NA,NA
102,13652_51_UE,13652_51,UE,0,Boreal White Spruce-Fir-Hardwood Forest - Coastal,1624,7,19758,13652,51,490200,4
103,13660_50_A,13660_50,A,3,Laurentian-Acadian Pine-Hemlock-Hardwood Forest,NA,NA,NA,NA,NA,NA,NA
104,13660_50_B,13660_50,B,16,Laurentian-Acadian Pine-Hemlock-Hardwood Forest,NA,NA,NA,NA,NA,NA,NA
105,13660_50_C,13660_50,C,39,Laurentian-Acadian Pine-Hemlock-Hardwood Forest,1569,3,6,13660,50,111,5
106,13660_50_D,13660_50,D,42,Laurentian-Acadian Pine-Hemlock-Hardwood Forest,1569,4,54,13660,50,111,48
107,13660_50_E,13660_50,E,NA,Laurentian-Acadian Pine-Hemlock-Hardwood Forest,NA,NA,NA,NA,NA,NA,NA
108,13660_50_Agriculture,13660_50,Agriculture,0,Laurentian-Acadian Pine-Hemlock-Hardwood Forest,1569,180,1,13660,50,111,0
109,13660_50_Developed,13660_50,Developed,0,Laurentian-Acadian Pine-Hemlock-Hardwood Forest,1569,120,49,13660,50,111,44
110,13660_50_Water,13660_50,Water,0,Laurentian-Acadian Pine-Hemlock-Hardwood Forest,NA,NA,NA,NA,NA,NA,NA
111,13660_50_UN,13660_50,UN,0,Laurentian-Acadian Pine-Hemlock-Hardwood Forest,NA,NA,NA,NA,NA,NA,NA
112,13660_50_UE,13660_50,UE,0,Laurentian-Acadian Pine-Hemlock-Hardwood Forest,1569,7,1,13660,50,111,0
113,13660_51_63_64_65_66_A,13660_51_63_64_65_66,A,3,Laurentian-Acadian Pine-Hemlock-Hardwood Forest,1625,1,1363,13660,51,429484,0
114,13660_51_63_64_65_66_B,13660_51_63_64_65_66,B,16,Laurentian-Acadian Pine-Hemlock-Hardwood Forest,1625,2,2241,13660,51,429484,0
115,13660_51_63_64_65_66_C,13660_51_63_64_65_66,C,39,Laurentian-Acadian Pine-Hemlock-Hardwood Forest,1625,3,3380,13660,51,429484,0
116,13660_51_63_64_65_66_D,13660_51_63_64_65_66,D,42,Laurentian-Acadian Pine-Hemlock-Hardwood Forest,1625,4,359849,13660,51,429484,83
117,13660_51_63_64_65_66_E,13660_51_63_64_65_66,E,NA,Laurentian-Acadian Pine-Hemlock-Hardwood Forest,NA,NA,NA,NA,NA,NA,NA
118,13660_51_63_64_65_66_Agriculture,13660_51_63_64_65_66,Agriculture,0,Laurentian-Acadian Pine-Hemlock-Hardwood Forest,1625,180,9040,13660,51,429484,2
119,13660_51_63_64_65_66_Developed,13660_51_63_64_65_66,Developed,0,Laurentian-Acadian Pine-Hemlock-Hardwood Forest,1625,120,38870,13660,51,429484,9
120,13660_51_63_64_65_66_Water,13660_51_63_64_65_66,Water,0,Laurentian-Acadian Pine-Hemlock-Hardwood Forest,NA,NA,NA,NA,NA,NA,NA
121,13660_51_63_64_65_66_UN,13660_51_63_64_65_66,UN,0,Laurentian-Acadian Pine-Hemlock-Hardwood Forest,NA,NA,NA,NA,NA,NA,NA
122,13660_51_63_64_65_66_UE,13660_51_63_64_65_66,UE,0,Laurentian-Acadian Pine-Hemlock-Hardwood Forest,1625,7,14741,13660,51,429484,3
123,14071_41_50_51_A,14071_41_50_51,A,9,Laurentian Pine-Oak Barrens,1628,1,50,14071,51,100049,0
124,14071_41_50_51_B,14071_41_50_51,B,1,Laurentian Pine-Oak Barrens,1628,2,4,14071,51,100049,0
125,14071_41_50_51_C,14071_41_50_51,C,26,Laurentian Pine-Oak Barrens,1628,3,988,14071,51,100049,0
126,14071_41_50_51_D,14071_41_50_51,D,62,Laurentian Pine-Oak Barrens,1628,4,36306,14071,51,100049,36
127,14071_41_50_51_E,14071_41_50_51,E,2,Laurentian Pine-Oak Barrens,1628,5,32482,14071,51,100049,32
128,14071_41_50_51_Agriculture,14071_41_50_51,Agriculture,0,Laurentian Pine-Oak Barrens,1628,180,985,14071,51,100049,0
129,14071_41_50_51_Developed,14071_41_50_51,Developed,0,Laurentian Pine-Oak Barrens,1628,120,11739,14071,51,100049,11
130,14071_41_50_51_Water,14071_41_50_51,Water,0,Laurentian Pine-Oak Barrens,NA,NA,NA,NA,NA,NA,NA
131,14071_41_50_51_UN,14071_41_50_51,UN,0,Laurentian Pine-Oak Barrens,1628,6,300,14071,51,100049,0
132,14071_41_50_51_UE,14071_41_50_51,UE,0,Laurentian Pine-Oak Barrens,1628,7,17195,14071,51,100049,17
133,14072_41_50_51_A,14072_41_50_51,A,14,Laurentian Pine-Oak Barrens - Jack Pine,1629,1,30,14072,51,27349,0
134,14072_41_50_51_B,14072_41_50_51,B,23,Laurentian Pine-Oak Barrens - Jack Pine,1629,2,7,14072,51,27349,0
135,14072_41_50_51_C,14072_41_50_51,C,49,Laurentian Pine-Oak Barrens - Jack Pine,1573,3,18,14072,50,18,100
136,14072_41_50_51_C,14072_41_50_51,C,49,Laurentian Pine-Oak Barrens - Jack Pine,1629,3,21107,14072,51,27349,77
137,14072_41_50_51_D,14072_41_50_51,D,14,Laurentian Pine-Oak Barrens - Jack Pine,NA,NA,NA,NA,NA,NA,NA
138,14072_41_50_51_E,14072_41_50_51,E,NA,Laurentian Pine-Oak Barrens - Jack Pine,NA,NA,NA,NA,NA,NA,NA
139,14072_41_50_51_Agriculture,14072_41_50_51,Agriculture,0,Laurentian Pine-Oak Barrens - Jack Pine,1629,180,115,14072,51,27349,0
140,14072_41_50_51_Developed,14072_41_50_51,Developed,0,Laurentian Pine-Oak Barrens - Jack Pine,1629,120,2910,14072,51,27349,10
141,14072_41_50_51_Water,14072_41_50_51,Water,0,Laurentian Pine-Oak Barrens - Jack Pine,NA,NA,NA,NA,NA,NA,NA
142,14072_41_50_51_UN,14072_41_50_51,UN,0,Laurentian Pine-Oak Barrens - Jack Pine,NA,NA,NA,NA,NA,NA,NA
143,14072_41_50_51_UE,14072_41_50_51,UE,0,Laurentian Pine-Oak Barrens - Jack Pine,1629,7,3180,14072,51,27349,11
144,14120_39_40_41_42_43_50_51_A,14120_39_40_41_42_43_50_51,A,80,North-Central Interior Sand and Gravel Tallgrass Prairie,NA,NA,NA,NA,NA,NA,NA
145,14120_39_40_41_42_43_50_51_B,14120_39_40_41_42_43_50_51,B,16,North-Central Interior Sand and Gravel Tallgrass Prairie,NA,NA,NA,NA,NA,NA,NA
146,14120_39_40_41_42_43_50_51_C,14120_39_40_41_42_43_50_51,C,4,North-Central Interior Sand and Gravel Tallgrass Prairie,NA,NA,NA,NA,NA,NA,NA
147,14120_39_40_41_42_43_50_51_D,14120_39_40_41_42_43_50_51,D,NA,North-Central Interior Sand and Gravel Tallgrass Prairie,NA,NA,NA,NA,NA,NA,NA
148,14120_39_40_41_42_43_50_51_E,14120_39_40_41_42_43_50_51,E,NA,North-Central Interior Sand and Gravel Tallgrass Prairie,NA,NA,NA,NA,NA,NA,NA
149,14120_39_40_41_42_43_50_51_Agriculture,14120_39_40_41_42_43_50_51,Agriculture,0,North-Central Interior Sand and Gravel Tallgrass Prairie,NA,NA,NA,NA,NA,NA,NA
150,14120_39_40_41_42_43_50_51_Developed,14120_39_40_41_42_43_50_51,Developed,0,North-Central Interior Sand and Gravel Tallgrass Prairie,1575,120,74,14120,50,110,67
151,14120_39_40_41_42_43_50_51_Water,14120_39_40_41_42_43_50_51,Water,0,North-Central Interior Sand and Gravel Tallgrass Prairie,NA,NA,NA,NA,NA,NA,NA
152,14120_39_40_41_42_43_50_51_UN,14120_39_40_41_42_43_50_51,UN,0,North-Central Interior Sand and Gravel Tallgrass Prairie,1575,6,33,14120,50,110,30
153,14120_39_40_41_42_43_50_51_UE,14120_39_40_41_42_43_50_51,UE,0,North-Central Interior Sand and Gravel Tallgrass Prairie,1575,7,3,14120,50,110,2
154,14210_31_38_42_43_44_50_51_A,14210_31_38_42_43_44_50_51,A,40,Central Tallgrass Prairie,NA,NA,NA,NA,NA,NA,NA
155,14210_31_38_42_43_44_50_51_B,14210_31_38_42_43_44_50_51,B,58,Central Tallgrass Prairie,NA,NA,NA,NA,NA,NA,NA
156,14210_31_38_42_43_44_50_51_C,14210_31_38_42_43_44_50_51,C,2,Central Tallgrass Prairie,NA,NA,NA,NA,NA,NA,NA
157,14210_31_38_42_43_44_50_51_D,14210_31_38_42_43_44_50_51,D,NA,Central Tallgrass Prairie,NA,NA,NA,NA,NA,NA,NA
158,14210_31_38_42_43_44_50_51_E,14210_31_38_42_43_44_50_51,E,NA,Central Tallgrass Prairie,NA,NA,NA,NA,NA,NA,NA
159,14210_31_38_42_43_44_50_51_Agriculture,14210_31_38_42_43_44_50_51,Agriculture,0,Central Tallgrass Prairie,NA,NA,NA,NA,NA,NA,NA
160,14210_31_38_42_43_44_50_51_Developed,14210_31_38_42_43_44_50_51,Developed,0,Central Tallgrass Prairie,NA,NA,NA,NA,NA,NA,NA
161,14210_31_38_42_43_44_50_51_Water,14210_31_38_42_43_44_50_51,Water,0,Central Tallgrass Prairie,NA,NA,NA,NA,NA,NA,NA
162,14210_31_38_42_43_44_50_51_UN,14210_31_38_42_43_44_50_51,UN,0,Central Tallgrass Prairie,1576,6,8,14210,50,8,100
163,14210_31_38_42_43_44_50_51_UE,14210_31_38_42_43_44_50_51,UE,0,Central Tallgrass Prairie,NA,NA,NA,NA,NA,NA,NA
164,14440_41_50_51_A,14440_41_50_51,A,15,Eastern Boreal Floodplain,1633,1,9,14440,51,72192,0
165,14440_41_50_51_B,14440_41_50_51,B,35,Eastern Boreal Floodplain,1633,2,275,14440,51,72192,0
166,14440_41_50_51_C,14440_41_50_51,C,37,Eastern Boreal Floodplain,1633,3,48736,14440,51,72192,67
167,14440_41_50_51_D,14440_41_50_51,D,13,Eastern Boreal Floodplain,1633,4,104,14440,51,72192,0
168,14440_41_50_51_E,14440_41_50_51,E,NA,Eastern Boreal Floodplain,NA,NA,NA,NA,NA,NA,NA
169,14440_41_50_51_Agriculture,14440_41_50_51,Agriculture,0,Eastern Boreal Floodplain,1633,180,2836,14440,51,72192,3
170,14440_41_50_51_Developed,14440_41_50_51,Developed,0,Eastern Boreal Floodplain,1633,120,981,14440,51,72192,1
171,14440_41_50_51_Water,14440_41_50_51,Water,0,Eastern Boreal Floodplain,NA,NA,NA,NA,NA,NA,NA
172,14440_41_50_51_UN,14440_41_50_51,UN,0,Eastern Boreal Floodplain,1633,6,18547,14440,51,72192,25
173,14440_41_50_51_UE,14440_41_50_51,UE,0,Eastern Boreal Floodplain,1633,7,704,14440,51,72192,0
174,14660_50_51_A,14660_50_51,A,23,Great Lakes Wooded Dune and Swale,1578,1,8,14660,50,340,2
175,14660_50_51_B,14660_50_51,B,23,Great Lakes Wooded Dune and Swale,NA,NA,NA,NA,NA,NA,NA
176,14660_50_51_C,14660_50_51,C,27,Great Lakes Wooded Dune and Swale,1578,3,306,14660,50,340,90
177,14660_50_51_D,14660_50_51,D,27,Great Lakes Wooded Dune and Swale,1578,4,13,14660,50,340,3
178,14660_50_51_E,14660_50_51,E,NA,Great Lakes Wooded Dune and Swale,NA,NA,NA,NA,NA,NA,NA
179,14660_50_51_Agriculture,14660_50_51,Agriculture,0,Great Lakes Wooded Dune and Swale,1578,180,2,14660,50,340,0
180,14660_50_51_Developed,14660_50_51,Developed,0,Great Lakes Wooded Dune and Swale,1578,120,6,14660,50,340,1
181,14660_50_51_Water,14660_50_51,Water,0,Great Lakes Wooded Dune and Swale,NA,NA,NA,NA,NA,NA,NA
182,14660_50_51_UN,14660_50_51,UN,0,Great Lakes Wooded Dune and Swale,NA,NA,NA,NA,NA,NA,NA
183,14660_50_51_UE,14660_50_51,UE,0,Great Lakes Wooded Dune and Swale,1578,7,5,14660,50,340,1
184,14750_41_50_51_63_64_65_66_A,14750_41_50_51_63_64_65_66,A,16,Laurentian-Acadian Floodplain Systems,NA,NA,NA,NA,NA,NA,NA
185,14750_41_50_51_63_64_65_66_B,14750_41_50_51_63_64_65_66,B,23,Laurentian-Acadian Floodplain Systems,1636,2,368,14750,51,28925,1
186,14750_41_50_51_63_64_65_66_C,14750_41_50_51_63_64_65_66,C,44,Laurentian-Acadian Floodplain Systems,1636,3,18018,14750,51,28925,62
187,14750_41_50_51_63_64_65_66_D,14750_41_50_51_63_64_65_66,D,17,Laurentian-Acadian Floodplain Systems,NA,NA,NA,NA,NA,NA,NA
188,14750_41_50_51_63_64_65_66_E,14750_41_50_51_63_64_65_66,E,NA,Laurentian-Acadian Floodplain Systems,NA,NA,NA,NA,NA,NA,NA
189,14750_41_50_51_63_64_65_66_Agriculture,14750_41_50_51_63_64_65_66,Agriculture,0,Laurentian-Acadian Floodplain Systems,1636,180,204,14750,51,28925,0
190,14750_41_50_51_63_64_65_66_Developed,14750_41_50_51_63_64_65_66,Developed,0,Laurentian-Acadian Floodplain Systems,1636,120,466,14750,51,28925,1
191,14750_41_50_51_63_64_65_66_Water,14750_41_50_51_63_64_65_66,Water,0,Laurentian-Acadian Floodplain Systems,NA,NA,NA,NA,NA,NA,NA
192,14750_41_50_51_63_64_65_66_UN,14750_41_50_51_63_64_65_66,UN,0,Laurentian-Acadian Floodplain Systems,1636,6,9745,14750,51,28925,33
193,14750_41_50_51_63_64_65_66_UE,14750_41_50_51_63_64_65_66,UE,0,Laurentian-Acadian Floodplain Systems,1636,7,124,14750,51,28925,0
194,14770_40_41_50_51_A,14770_40_41_50_51,A,14,Boreal Acidic Peatland Systems,1581,1,3,14770,50,3242,0
195,14770_40_41_50_51_A,14770_40_41_50_51,A,14,Boreal Acidic Peatland Systems,1637,1,30713,14770,51,1400893,2
196,14770_40_41_50_51_B,14770_40_41_50_51,B,16,Boreal Acidic Peatland Systems,1637,2,32830,14770,51,1400893,2
197,14770_40_41_50_51_C,14770_40_41_50_51,C,38,Boreal Acidic Peatland Systems,1581,3,799,14770,50,3242,24
198,14770_40_41_50_51_C,14770_40_41_50_51,C,38,Boreal Acidic Peatland Systems,1637,3,312595,14770,51,1400893,22
199,14770_40_41_50_51_D,14770_40_41_50_51,D,23,Boreal Acidic Peatland Systems,1581,4,2334,14770,50,3242,71
200,14770_40_41_50_51_D,14770_40_41_50_51,D,23,Boreal Acidic Peatland Systems,1637,4,980499,14770,51,1400893,69
201,14770_40_41_50_51_E,14770_40_41_50_51,E,9,Boreal Acidic Peatland Systems,1637,5,539,14770,51,1400893,0
202,14770_40_41_50_51_Agriculture,14770_40_41_50_51,Agriculture,0,Boreal Acidic Peatland Systems,1581,180,42,14770,50,3242,1
203,14770_40_41_50_51_Agriculture,14770_40_41_50_51,Agriculture,0,Boreal Acidic Peatland Systems,1637,180,2008,14770,51,1400893,0
204,14770_40_41_50_51_Developed,14770_40_41_50_51,Developed,0,Boreal Acidic Peatland Systems,1581,120,62,14770,50,3242,1
205,14770_40_41_50_51_Developed,14770_40_41_50_51,Developed,0,Boreal Acidic Peatland Systems,1637,120,18153,14770,51,1400893,1
206,14770_40_41_50_51_Water,14770_40_41_50_51,Water,0,Boreal Acidic Peatland Systems,NA,NA,NA,NA,NA,NA,NA
207,14770_40_41_50_51_UN,14770_40_41_50_51,UN,0,Boreal Acidic Peatland Systems,1581,6,2,14770,50,3242,0
208,14770_40_41_50_51_UN,14770_40_41_50_51,UN,0,Boreal Acidic Peatland Systems,1637,6,14680,14770,51,1400893,1
209,14770_40_41_50_51_UE,14770_40_41_50_51,UE,0,Boreal Acidic Peatland Systems,1637,7,8876,14770,51,1400893,0
210,14810_41_50_51_63_A,14810_41_50_51_63,A,14,Laurentian-Acadian Alkaline Conifer-Hardwood Swamp,1583,1,9,14810,50,4279,0
211,14810_41_50_51_63_A,14810_41_50_51_63,A,14,Laurentian-Acadian Alkaline Conifer-Hardwood Swamp,1639,1,64976,14810,51,1937451,3
212,14810_41_50_51_63_B,14810_41_50_51_63,B,11,Laurentian-Acadian Alkaline Conifer-Hardwood Swamp,1583,2,80,14810,50,4279,1
213,14810_41_50_51_63_B,14810_41_50_51_63,B,11,Laurentian-Acadian Alkaline Conifer-Hardwood Swamp,1639,2,65460,14810,51,1937451,3
214,14810_41_50_51_63_C,14810_41_50_51_63,C,21,Laurentian-Acadian Alkaline Conifer-Hardwood Swamp,1583,3,765,14810,50,4279,17
215,14810_41_50_51_63_C,14810_41_50_51_63,C,21,Laurentian-Acadian Alkaline Conifer-Hardwood Swamp,1639,3,385588,14810,51,1937451,19
216,14810_41_50_51_63_D,14810_41_50_51_63,D,54,Laurentian-Acadian Alkaline Conifer-Hardwood Swamp,1583,4,3286,14810,50,4279,76
217,14810_41_50_51_63_D,14810_41_50_51_63,D,54,Laurentian-Acadian Alkaline Conifer-Hardwood Swamp,1639,4,1384506,14810,51,1937451,71
218,14810_41_50_51_63_E,14810_41_50_51_63,E,NA,Laurentian-Acadian Alkaline Conifer-Hardwood Swamp,NA,NA,NA,NA,NA,NA,NA
219,14810_41_50_51_63_Agriculture,14810_41_50_51_63,Agriculture,0,Laurentian-Acadian Alkaline Conifer-Hardwood Swamp,1583,180,44,14810,50,4279,1
220,14810_41_50_51_63_Agriculture,14810_41_50_51_63,Agriculture,0,Laurentian-Acadian Alkaline Conifer-Hardwood Swamp,1639,180,5996,14810,51,1937451,0
221,14810_41_50_51_63_Developed,14810_41_50_51_63,Developed,0,Laurentian-Acadian Alkaline Conifer-Hardwood Swamp,1583,120,95,14810,50,4279,2
222,14810_41_50_51_63_Developed,14810_41_50_51_63,Developed,0,Laurentian-Acadian Alkaline Conifer-Hardwood Swamp,1639,120,22151,14810,51,1937451,1
223,14810_41_50_51_63_Water,14810_41_50_51_63,Water,0,Laurentian-Acadian Alkaline Conifer-Hardwood Swamp,NA,NA,NA,NA,NA,NA,NA
224,14810_41_50_51_63_UN,14810_41_50_51_63,UN,0,Laurentian-Acadian Alkaline Conifer-Hardwood Swamp,NA,NA,NA,NA,NA,NA,NA
225,14810_41_50_51_63_UE,14810_41_50_51_63,UE,0,Laurentian-Acadian Alkaline Conifer-Hardwood Swamp,1639,7,8774,14810,51,1937451,0
226,14920_41_50_51_52_63_A,14920_41_50_51_52_63,A,22,Great Lakes Coastal Marsh Systems,NA,NA,NA,NA,NA,NA,NA
227,14920_41_50_51_52_63_B,14920_41_50_51_52_63,B,22,Great Lakes Coastal Marsh Systems,1584,2,180,14920,50,21813,0
228,14920_41_50_51_52_63_B,14920_41_50_51_52_63,B,22,Great Lakes Coastal Marsh Systems,1640,2,1927,14920,51,15358,12
229,14920_41_50_51_52_63_C,14920_41_50_51_52_63,C,56,Great Lakes Coastal Marsh Systems,1584,3,52,14920,50,21813,0
230,14920_41_50_51_52_63_C,14920_41_50_51_52_63,C,56,Great Lakes Coastal Marsh Systems,1640,3,456,14920,51,15358,2
231,14920_41_50_51_52_63_D,14920_41_50_51_52_63,D,NA,Great Lakes Coastal Marsh Systems,NA,NA,NA,NA,NA,NA,NA
232,14920_41_50_51_52_63_E,14920_41_50_51_52_63,E,NA,Great Lakes Coastal Marsh Systems,NA,NA,NA,NA,NA,NA,NA
233,14920_41_50_51_52_63_Agriculture,14920_41_50_51_52_63,Agriculture,0,Great Lakes Coastal Marsh Systems,1584,180,20,14920,50,21813,0
234,14920_41_50_51_52_63_Agriculture,14920_41_50_51_52_63,Agriculture,0,Great Lakes Coastal Marsh Systems,1640,180,34,14920,51,15358,0
235,14920_41_50_51_52_63_Developed,14920_41_50_51_52_63,Developed,0,Great Lakes Coastal Marsh Systems,1584,120,695,14920,50,21813,3
236,14920_41_50_51_52_63_Developed,14920_41_50_51_52_63,Developed,0,Great Lakes Coastal Marsh Systems,1640,120,673,14920,51,15358,4
237,14920_41_50_51_52_63_Water,14920_41_50_51_52_63,Water,0,Great Lakes Coastal Marsh Systems,NA,NA,NA,NA,NA,NA,NA
238,14920_41_50_51_52_63_UN,14920_41_50_51_52_63,UN,0,Great Lakes Coastal Marsh Systems,1584,6,20684,14920,50,21813,94
239,14920_41_50_51_52_63_UN,14920_41_50_51_52_63,UN,0,Great Lakes Coastal Marsh Systems,1640,6,12046,14920,51,15358,78
240,14920_41_50_51_52_63_UE,14920_41_50_51_52_63,UE,0,Great Lakes Coastal Marsh Systems,1584,7,182,14920,50,21813,0
241,14920_41_50_51_52_63_UE,14920_41_50_51_52_63,UE,0,Great Lakes Coastal Marsh Systems,1640,7,222,14920,51,15358,1
242,14940_41_50_51_A,14940_41_50_51,A,8,Laurentian-Acadian Shrub-Herbaceous Wetland Systems,NA,NA,NA,NA,NA,NA,NA
243,14940_41_50_51_B,14940_41_50_51,B,56,Laurentian-Acadian Shrub-Herbaceous Wetland Systems,1641,2,20,14940,51,734,2
244,14940_41_50_51_C,14940_41_50_51,C,31,Laurentian-Acadian Shrub-Herbaceous Wetland Systems,1641,3,1,14940,51,734,0
245,14940_41_50_51_D,14940_41_50_51,D,5,Laurentian-Acadian Shrub-Herbaceous Wetland Systems,1641,4,235,14940,51,734,32
246,14940_41_50_51_E,14940_41_50_51,E,NA,Laurentian-Acadian Shrub-Herbaceous Wetland Systems,NA,NA,NA,NA,NA,NA,NA
247,14940_41_50_51_Agriculture,14940_41_50_51,Agriculture,0,Laurentian-Acadian Shrub-Herbaceous Wetland Systems,1641,180,4,14940,51,734,0
248,14940_41_50_51_Developed,14940_41_50_51,Developed,0,Laurentian-Acadian Shrub-Herbaceous Wetland Systems,1641,120,15,14940,51,734,2
249,14940_41_50_51_Water,14940_41_50_51,Water,0,Laurentian-Acadian Shrub-Herbaceous Wetland Systems,NA,NA,NA,NA,NA,NA,NA
250,14940_41_50_51_UN,14940_41_50_51,UN,0,Laurentian-Acadian Shrub-Herbaceous Wetland Systems,1641,6,433,14940,51,734,58
251,14940_41_50_51_UE,14940_41_50_51,UE,0,Laurentian-Acadian Shrub-Herbaceous Wetland Systems,1641,7,26,14940,51,734,3
